dataset,algorithm,acc.mean,acc.sd,auc.mean,auc.sd,loss.mean,loss.sd,time.mean,time.sd
twonorm,diag,0.976076442691459,0.00115040503037095,0.997600746009613,0.000134374064230445,0.0622530160579312,0.00189044589624682,0.00456666666723322,0.00100630198288402
twonorm,emp,0.962877400572851,0.00377159888708451,0.994180120704296,0.000936196135545636,0.106798400895705,0.0113462678303743,0.00436666666646488,0.000718395403181368
twonorm,oas,0.97718927548481,0.000786422644354667,0.997807022556811,6.16709579012377e-05,0.0596546726378606,0.000866408223062877,0.0041333333341754,0.00100801386569502
twonorm,ss,0.977085974550406,0.000952044237956536,0.997800011387198,6.23393451543741e-05,0.0597921885434492,0.00110548249049708,0.0128666666668626,0.0014558640840007
twonorm,ppca,0.976128093158661,0.00114900644554127,0.997654485963268,0.000101617177265213,0.0617079084753429,0.00140856028460204,0.0125000000009701,0.00090019155033201
twonorm,spc,0.976729116777011,0.0009280731151194,0.997752266644993,0.000100992604920293,0.0605468749378557,0.00147087279272208,0.594566666666651,0.171803753991325
twonorm,quic,0.970732967084566,0.00297251165569218,0.996359742530803,0.000536324962050852,0.0786374166095442,0.0084519481398466,0.0101999999998952,0.00205778588626767
threenorm,diag,0.832676056338028,0.00689927710891916,0.914361520862263,0.00606483154368974,0.373332327837471,0.012203725458862,0.0183333333339154,0.0695702737427484
threenorm,emp,0.814474178403756,0.00952465824863422,0.895824648548568,0.0100057212971929,0.47318208751491,0.029277404436148,0.0043000000002697,0.000836660026479618
threenorm,oas,0.862197183098592,0.00591162944209677,0.9385499940488,0.00452692951635792,0.318069101959019,0.0125210985281219,0.00356666666654443,0.000626062314898657
threenorm,ss,0.861295774647887,0.00717203387441943,0.937738430205647,0.00494184037095005,0.320462113540077,0.0137084015279498,0.0110333333320644,0.000764890496571427
threenorm,ppca,0.879929577464789,0.0027980794196493,0.953597587780202,0.00172569446172343,0.28134645292179,0.00392429876945484,0.0124000000008285,0.00127576886953043
threenorm,spc,0.869737089201878,0.00427167954613062,0.945500572637704,0.00277282963727939,0.301287120459601,0.00709557316729037,0.530499999999787,0.179617553477547
threenorm,quic,0.845854460093897,0.0163076320944903,0.926819797659195,0.0115691049039317,0.359288375622819,0.0415139968654918,0.0123666666666395,0.00265853645620818
ringnorm,diag,0.985955768418087,0.000686266358205872,0.998742257882883,7.37214603273923e-05,0.0387187748680132,0.00117796280965493,0.00456666666674816,0.000935260735449488
ringnorm,emp,0.968807813307039,0.00404048296950742,0.997229375169342,0.000293822575243676,0.092062851190022,0.0137292616982344,0.00436666666694994,0.00112903172714238
ringnorm,oas,0.986542705545382,0.000396244847822517,0.998826719988315,4.61524446272397e-05,0.0370400023670499,0.000537946994744431,0.0044000000001688,0.00298963727418559
ringnorm,ss,0.986368972155703,0.000529249020830613,0.998825314976631,5.032064580407e-05,0.0371345286256658,0.000685646302853116,0.0141999999987699,0.00592132324433879
ringnorm,ppca,0.98565995210593,0.000705198344664069,0.998722759707546,6.5673524109615e-05,0.0388539307127256,0.000859833669362144,0.0155999999995402,0.015275854284741
ringnorm,spc,0.985284312344462,0.00097645473797048,0.998797257078507,5.08933517885122e-05,0.04032455799553,0.00252660361923952,0.602133333332798,0.195334678901645
ringnorm,quic,0.981532610226793,0.00244667107173208,0.998227682275791,0.000297482548342449,0.0518270738428493,0.00716995671034951,0.00983333333376019,0.00139168301318585
waveform,diag,0.80543378023693,0.00643014325714694,0.953262268760088,0.00636935148648824,0.810267567608042,0.0956997200529105,0.00666666666656965,0.00132178910553108
waveform,emp,0.781095268496843,0.00985585086043741,0.937660666048157,0.00486769287098068,0.674412130427518,0.0458772437462751,0.00586666666713427,0.000507416262816061
waveform,oas,0.799524721571966,0.00677489378955967,0.947251522325192,0.00326069980831539,0.498639257879688,0.0264145522403187,0.0053999999994024,0.00072397370853222
waveform,ss,0.797375328083989,0.00749692664507177,0.945614503114345,0.00359907508593479,0.505596596210108,0.0257585601134072,0.0169333333336302,0.00307305681103209
waveform,ppca,0.801475491239271,0.0059591688796762,0.948169180713935,0.0026908595785987,0.484076555539926,0.02812799049244,0.0196000000001125,0.00369155606827573
waveform,spc,0.801475491239271,0.0059591688796762,0.94816909724837,0.00269079590690295,0.484071756222296,0.0281297636866701,0.0758000000004055,0.0237463608833281
waveform,quic,0.820224161169043,0.00968501709925354,0.95752202461973,0.00434723197750726,0.384202733474659,0.0375317652531056,0.0490999999999379,0.00445939535090773
waveformnoise,diag,0.796601390662693,0.00773541796584334,0.948814276505916,0.00478460231887824,0.809191436768195,0.087532236525095,0.0095666666663116,0.000626062315860459
waveformnoise,emp,0.691102596849723,0.0135217955322622,0.880533529196239,0.00842154988932046,2.19060703551025,0.201174901290276,0.0101333333337,0.00138298361429245
waveformnoise,oas,0.758947069675039,0.00939528941447877,0.921447105094229,0.0050862171400282,0.702154002467356,0.0494137151761886,0.00753333333195769,0.00156983050431532
waveformnoise,ss,0.757634454377749,0.00858979926117308,0.920105259075528,0.00511095800994352,0.750695556137234,0.0455040087491254,0.0259999999997187,0.00074278135319731
waveformnoise,ppca,0.787242798353909,0.0136381468884329,0.938314621231567,0.0071492303655869,0.47148415798806,0.0505730869812815,0.0528666666672507,0.000776079152548783
waveformnoise,spc,0.788775365403718,0.0137349019622164,0.939586074732352,0.00717567940555595,0.460280170164431,0.0492298980824163,2.34773333333311,0.193133852696774
waveformnoise,quic,0.778373776074926,0.0225414138027388,0.93678270854253,0.0112107590554951,0.593939908023902,0.176699082302806,0.226166666666783,0.0234654306759496
corelearn,diag,0.769958147123501,0.00928640367881911,0.835575771233738,0.00709857916204259,0.702344217252291,0.0563768031635283,0.00420000000037059,0.000961320930601088
corelearn,emp,0.768468468468469,0.00829831784574708,0.833052917638412,0.00726811716906246,0.814679653874934,0.067651123942699,0.00400000000032984,0.000870988340888829
corelearn,oas,0.754032772930411,0.0053626451363446,0.819851925199455,0.00549808748828604,0.581335896147839,0.0240736041489076,0.00346666666640279,0.000571346464659473
corelearn,ss,0.76553876711357,0.00702131039919447,0.83172421897182,0.0064335128566219,0.626790768627339,0.0410899110026794,0.0115333333339853,0.00161316423559395
corelearn,ppca,0.753224090231964,0.0180350114053927,0.81801790100175,0.0169315670984442,0.808202714596513,0.0675205953667391,0.00950000000060148,0.000731083276520294
corelearn,spc,0.753082216074342,0.0172314971297026,0.818313742035676,0.0167698917907722,0.811096048736883,0.0621727857799063,0.645100000000578,0.127720694729112
corelearn,quic,0.771064765552955,0.00798532348813239,0.836568518154196,0.00672802490737109,0.68631272194892,0.0553848677505603,0.00843333333298991,0.00119433528909774
xor,diag,0.219353922612709,0.0377586496068451,0.512329546219259,0.00839500910158218,2.11687698254884,0.0205511878357773,0.00803333333412108,0.000718395402995105
xor,emp,0.859992900248491,0.0132268829888285,0.987595889193676,0.00232380756525298,0.517770017039588,0.0240278340363452,0.00833333333333333,0.00144635888405997
xor,oas,0.876606318778843,0.0122031433567734,0.988224872186883,0.00146011601240169,0.613468523146294,0.0195301166911797,0.00763333333331199,0.000999425122346927
xor,ss,0.877593184238552,0.0128845344609797,0.989659061082981,0.00161618953774062,0.524227386115406,0.0198454574499855,0.0226666666664338,0.00289271776846687
xor,ppca,0.89509407170749,0.014068268486853,0.991645921183471,0.00170749574119875,0.485392944126423,0.0209451062736993,0.0117666666660322,0.00284887555863544
xor,spc,0.751735889243876,0.0179324736768373,0.966797983782127,0.00489976090995519,0.730780910997053,0.0404052572150319,0.174500000000504,0.0207808764877219
xor,quic,0.859659211927583,0.012503518826977,0.985105760452032,0.00187527395522318,0.703285790565479,0.0469200108897256,0.0166666666666667,0.00241165751134856
