"dataset","algorithm","acc.mean","acc.sd","auc.mean","auc.sd","loss.mean","loss.sd","time.mean","time.sd"
"australian","GaussNaiveBayes",0.729,0.0379,0.8185,0.0319,3.6459,1.1724,0.0146,8e-04
"australian","KernelNaiveBayes",0.6952,0.0459,0.7964,0.0293,2.5168,0.6427,0.0406,0.0025
"australian","LinearDiscriminant",0.8522,0.0296,0.9215,0.0159,0.357,0.0413,0.0253,0.0077
"australian","GlmNet",0.8549,0.0273,0.9142,0.0284,0.3855,0.078,0.2479,0.0428
"australian","Cart",0.8522,0.0269,0.8962,0.0246,0.3971,0.0688,0.0188,0.0013
"australian","C4.5DecisionTree",0.8461,0.0269,0.8578,0.044,1.5678,0.8055,0.0613,0.0392
"australian","LinearSvm",0.8522,0.0318,0.9215,0.0215,0.3709,0.0568,3.246,0.4957
"australian","RegGaussBayes-diag",0.7747,0.0273,0.8422,0.0308,1.8601,0.5601,0.0022,5e-04
"australian","RegGaussBayes-lowrank",0.8065,0.0299,0.8598,0.035,0.9961,0.4226,0.0114,0.003
"australian","RegGaussBayes",0.7662,0.0292,0.839,0.029,1.894,0.54,0.0019,3e-04
"australian","BoostedRgb-diag",0.8282,0.0278,0.9039,0.0243,0.4585,0.0884,0.5683,0.0646
"australian","BoostedRgb-lowrank",0.8452,0.0278,0.91,0.0237,0.4844,0.0199,0.7895,0.0975
"australian","BoostedRgb",0.8241,0.0271,0.886,0.0287,0.473,0.0257,0.5393,0.0664
"australian","NonlinearRbfSvm",0.8406,0.0294,0.9154,0.0231,0.3705,0.0521,2.1152,0.0688
"australian","ExtraTrees",0.8519,0.0278,0.9116,0.0178,0.5196,0.191,0.034,0.015
"australian","Adaboost",0.8628,0.0288,0.9152,0.0188,3.4961,0.784,0.6862,0.054
"australian","GradientBoosting",0.8648,0.0249,0.9339,0.0158,0.3402,0.0549,0.329,0.0114
"australian","RandomForest",0.8708,0.0216,0.9351,0.015,0.3649,0.0896,0.146,0.0037
"balance","GaussNaiveBayes",0.9045,0.01,0.957,0.0054,0.4766,0.0162,0.0023,5e-04
"balance","KernelNaiveBayes",0.9125,0.0089,0.9468,0.0055,0.5082,0.0231,0.0076,6e-04
"balance","LinearDiscriminant",0.8696,0.011,0.9764,0.0043,0.3338,0.0166,0.0066,0.0012
"balance","GlmNet",0.8883,0.0214,0.9765,0.0111,0.2927,0.0869,0.2172,0.0035
"balance","Cart",0.7806,0.0304,0.867,0.0238,1.0408,0.3523,0.0055,6e-04
"balance","C4.5DecisionTree",0.7843,0.0251,0.8442,0.0245,4.097,0.9459,0.0296,7e-04
"balance","LinearSvm",0.9168,0.0159,0.9845,0.004,0.243,0.0223,0.3227,0.0232
"balance","RegGaussBayes-diag",0.9032,0.0118,0.9572,0.0054,0.4781,0.0156,0.0021,3e-04
"balance","RegGaussBayes-lowrank",0.8992,0.0178,0.9609,0.0067,0.4401,0.0344,0.0055,0.0017
"balance","RegGaussBayes",0.9069,0.0107,0.9776,0.0035,0.3483,0.017,0.002,0
"balance","BoostedRgb-diag",0.9163,0.0065,0.9359,0.005,0.7228,0.0235,0.2598,0.0449
"balance","BoostedRgb-lowrank",0.9179,0.0089,0.976,0.0042,0.6907,0.0158,0.613,0.0674
"balance","BoostedRgb",0.944,0.0171,0.9901,0.0031,0.5448,0.021,0.2373,0.051
"balance","NonlinearRbfSvm",0.968,0.0153,0.9981,0.0012,0.1094,0.0181,0.6068,0.0071
"balance","ExtraTrees",0.7904,0.0204,0.9191,0.0074,2.7241,0.1938,0.0157,0.0021
"balance","Adaboost",0.7667,0.0258,0.9348,0.0116,5.262,0.7964,0.1618,0.0094
"balance","GradientBoosting",0.9107,0.0117,0.9801,0.0038,0.2917,0.0279,0.0996,0.0016
"balance","RandomForest",0.8493,0.0218,0.9468,0.0074,0.5486,0.1545,0.0393,0.0014
"bands","GaussNaiveBayes",0.4032,0.0193,0.4635,0.0318,3.4264,0.6844,0.0076,5e-04
"bands","KernelNaiveBayes",0.4973,0.0607,0.5484,0.0638,2.0198,0.6305,0.0219,5e-04
"bands","LinearDiscriminant",0.6726,0.0528,0.7285,0.0487,0.6201,0.0524,0.011,0.0019
"bands","GlmNet",0.6712,0.0372,0.7223,0.0414,0.6186,0.0369,0.1674,0.0136
"bands","Cart",0.6219,0.0537,0.6568,0.0517,0.8475,0.3094,0.0111,7e-04
"bands","C4.5DecisionTree",0.6324,0.0591,0.6377,0.0622,6.7502,2.3559,0.0389,0.0021
"bands","LinearSvm",0.6772,0.0382,0.7187,0.0363,0.6222,0.0243,1.6346,0.2613
"bands","RegGaussBayes-diag",0.6384,0.0527,0.6872,0.055,0.9824,0.2958,0.0017,5e-04
"bands","RegGaussBayes-lowrank",0.6717,0.0447,0.7102,0.0566,0.8734,0.252,0.0082,0.0028
"bands","RegGaussBayes",0.6753,0.0378,0.7334,0.0403,0.9533,0.2718,0.0017,5e-04
"bands","BoostedRgb-diag",0.6658,0.0486,0.7253,0.0495,0.6295,0.0856,0.4169,0.0577
"bands","BoostedRgb-lowrank",0.668,0.0389,0.7236,0.04,0.6184,0.0173,0.4908,0.059
"bands","BoostedRgb",0.6767,0.0454,0.744,0.049,0.5989,0.029,0.3729,0.0491
"bands","NonlinearRbfSvm",0.71,0.0389,0.762,0.0408,0.5829,0.0341,0.7185,0.0249
"bands","ExtraTrees",0.7598,0.0394,0.8355,0.031,0.5119,0.0291,0.0183,0.0025
"bands","Adaboost",0.7315,0.0395,0.8041,0.0449,5.6901,1.2557,0.2928,0.0103
"bands","GradientBoosting",0.7,0.0463,0.7875,0.0442,0.6104,0.0902,0.1233,0.0022
"bands","RandomForest",0.7489,0.04,0.818,0.0398,0.5355,0.0352,0.0539,0.001
"breast","GaussNaiveBayes",0.9624,0.0166,0.9669,0.0164,0.8458,0.4042,0.0044,5e-04
"breast","KernelNaiveBayes",0.9642,0.0139,0.991,0.0101,0.3259,0.2212,0.0113,5e-04
"breast","LinearDiscriminant",0.96,0.017,0.9952,0.0028,0.1618,0.0781,0.0101,0.0021
"breast","GlmNet",0.9641,0.0173,0.9942,0.0045,0.094,0.0325,0.182,0.0041
"breast","Cart",0.9427,0.0166,0.9585,0.0157,0.228,0.0888,0.007,7e-04
"breast","C4.5DecisionTree",0.9495,0.0199,0.9622,0.0214,0.6979,0.4685,0.0317,0.0011
"breast","LinearSvm",0.9702,0.0133,0.9949,0.0043,0.0873,0.0315,0.3588,0.0319
"breast","RegGaussBayes-diag",0.9627,0.0161,0.967,0.0164,0.8417,0.4012,0.0017,5e-04
"breast","RegGaussBayes-lowrank",0.952,0.0202,0.9676,0.0167,0.7752,0.374,0.0055,0.0017
"breast","RegGaussBayes",0.9532,0.0184,0.9654,0.0169,0.8074,0.3845,0.0014,5e-04
"breast","BoostedRgb-diag",0.9634,0.016,0.9864,0.0102,0.2219,0.0393,0.4207,0.0603
"breast","BoostedRgb-lowrank",0.9644,0.0174,0.9887,0.0071,0.2901,0.0187,0.4734,0.0642
"breast","BoostedRgb",0.9561,0.0189,0.9858,0.0091,0.282,0.0173,0.4052,0.0649
"breast","NonlinearRbfSvm",0.9693,0.0154,0.9932,0.0052,0.0961,0.035,0.518,0.0236
"breast","ExtraTrees",0.9715,0.0129,0.996,0.0027,0.0813,0.0247,0.0106,0.0019
"breast","Adaboost",0.9688,0.0155,0.9858,0.008,0.9149,0.485,0.1506,0.0095
"breast","GradientBoosting",0.9676,0.0157,0.9944,0.0037,0.1248,0.0701,0.1188,0.0025
"breast","RandomForest",0.9727,0.0132,0.9948,0.004,0.0922,0.0316,0.0386,8e-04
"bupa","GaussNaiveBayes",0.5565,0.0427,0.6044,0.059,0.8083,0.1926,0.0029,3e-04
"bupa","KernelNaiveBayes",0.6575,0.0464,0.7043,0.0533,0.7172,0.1169,0.0075,5e-04
"bupa","LinearDiscriminant",0.6662,0.0535,0.712,0.0557,0.6232,0.0311,0.0063,0.0012
"bupa","GlmNet",0.6807,0.0563,0.7245,0.0601,0.6224,0.0448,0.1544,0.0022
"bupa","Cart",0.6546,0.0664,0.6689,0.0746,0.7179,0.2045,0.0072,5e-04
"bupa","C4.5DecisionTree",0.6671,0.0595,0.6707,0.0641,3.5972,1.8561,0.0301,0.0017
"bupa","LinearSvm",0.687,0.0504,0.729,0.0557,0.6229,0.0378,0.4139,0.034
"bupa","RegGaussBayes-diag",0.5546,0.0501,0.601,0.0591,0.7968,0.1763,0.0017,5e-04
"bupa","RegGaussBayes-lowrank",0.6048,0.0449,0.6481,0.0514,0.7886,0.1836,0.0056,0.0026
"bupa","RegGaussBayes",0.587,0.0435,0.6588,0.0526,0.7331,0.1399,0.0012,4e-04
"bupa","BoostedRgb-diag",0.6527,0.0481,0.6948,0.0527,0.6548,0.0153,0.2316,0.0597
"bupa","BoostedRgb-lowrank",0.6662,0.0482,0.7164,0.0559,0.6399,0.0214,0.3726,0.0726
"bupa","BoostedRgb",0.67,0.0493,0.7235,0.0515,0.6362,0.0202,0.2341,0.0624
"bupa","NonlinearRbfSvm",0.7024,0.0562,0.759,0.0569,0.5966,0.0471,0.4338,0.02
"bupa","ExtraTrees",0.7164,0.0523,0.7831,0.0574,0.5668,0.0492,0.0125,0.0023
"bupa","Adaboost",0.7024,0.0556,0.749,0.0584,2.8526,2.4555,0.061,0.0337
"bupa","GradientBoosting",0.7145,0.0482,0.7827,0.054,0.6355,0.1202,0.0535,0.0013
"bupa","RandomForest",0.7367,0.053,0.7892,0.057,0.5668,0.055,0.0281,0.001
"car","GaussNaiveBayes",0.1009,0.0124,0.3917,0.0105,12.5553,0.4467,0.0094,5e-04
"car","KernelNaiveBayes",0.7002,0.0013,0.9396,0.0028,1.4158,0.1039,0.0349,0.0011
"car","LinearDiscriminant",0.8922,0.0163,0.9871,0.0026,0.3107,0.0159,0.0267,0.0053
"car","GlmNet",0.9322,0.0103,0.9955,0.001,0.1547,0.0218,1.5478,0.1382
"car","Cart",0.8636,0.0168,0.9778,0.0041,0.4066,0.0896,0.0158,8e-04
"car","C4.5DecisionTree",0.9339,0.0156,0.9805,0.0073,0.9455,0.347,0.0438,0.0023
"car","LinearSvm",0.935,0.0112,0.9948,0.0015,0.1673,0.0195,3.1298,0.1079
"car","RegGaussBayes-diag",0.6811,0.0191,0.9249,0.0073,0.6413,0.0409,0.0033,5e-04
"car","RegGaussBayes-lowrank",0.8264,0.0195,0.9654,0.0051,0.4456,0.0286,0.0105,0.0018
"car","RegGaussBayes",0.901,0.0138,0.9909,0.0017,0.2247,0.0248,0.0031,3e-04
"car","BoostedRgb-diag",0.8736,0.0189,0.9603,0.0032,0.5333,0.0207,1.2928,0.0782
"car","BoostedRgb-lowrank",0.9086,0.0168,0.9784,0.0023,0.6657,0.0152,1.5664,0.0962
"car","BoostedRgb",0.9806,0.0082,0.9989,5e-04,0.3547,0.0543,1.1993,0.076
"car","NonlinearRbfSvm",0.993,0.0041,0.9999,1e-04,0.0295,0.0061,5.9611,0.0753
"car","ExtraTrees",0.9152,0.0142,0.987,0.003,0.5082,0.1194,0.0299,0.0033
"car","Adaboost",0.9605,0.0132,0.9964,0.0019,0.8191,0.3409,0.6105,0.0164
"car","GradientBoosting",0.9557,0.0092,0.9973,8e-04,0.162,0.0103,0.7095,0.0081
"car","RandomForest",0.8656,0.0126,0.9822,0.0019,0.3497,0.011,0.1847,0.0298
"chess","GaussNaiveBayes",0.6174,0.0129,0.7619,0.0165,5.1773,1.095,0.026,0.0012
"chess","KernelNaiveBayes",0.5223,7e-04,0.7444,0.0038,4.9966,0.9231,0.0514,7e-04
"chess","LinearDiscriminant",0.9383,0.0103,0.984,0.0036,0.1838,0.0138,0.0979,0.0325
"chess","GlmNet",0.9727,0.0082,0.9955,0.0018,0.0857,0.0202,0.8698,0.0516
"chess","Cart",0.967,0.0103,0.9827,0.0068,0.1258,0.0283,0.0466,9e-04
"chess","C4.5DecisionTree",0.9926,0.0028,0.9975,0.0018,0.0691,0.0475,0.0826,0.0033
"chess","LinearSvm",0.9721,0.0077,0.9945,0.0023,0.0951,0.0225,12.8221,0.9631
"chess","RegGaussBayes-diag",0.6633,0.0165,0.827,0.0108,2.0374,0.3035,0.0049,4e-04
"chess","RegGaussBayes-lowrank",0.7299,0.0204,0.8385,0.0185,0.9318,0.1333,0.0168,0.0016
"chess","RegGaussBayes",0.7775,0.0201,0.9049,0.0141,1.2195,0.2314,0.0049,5e-04
"chess","BoostedRgb-diag",0.9422,0.0134,0.9882,0.0041,0.2884,0.0138,1.2623,0.109
"chess","BoostedRgb-lowrank",0.9428,0.0119,0.9869,0.0042,0.4397,0.0064,1.6894,0.1391
"chess","BoostedRgb",0.9928,0.0032,0.9993,7e-04,0.175,0.0108,1.2589,0.0804
"chess","NonlinearRbfSvm",0.9926,0.0028,0.9997,3e-04,0.0208,0.0063,23.3639,0.4086
"chess","ExtraTrees",0.9957,0.0017,0.9993,0.0011,0.035,0.0309,0.0625,0.0056
"chess","Adaboost",0.9958,0.0026,0.9986,0.0011,0.1114,0.0758,2.409,0.142
"chess","GradientBoosting",0.988,0.0039,0.9993,4e-04,0.0514,0.0052,1.4843,0.0109
"chess","RandomForest",0.9855,0.0049,0.9987,8e-04,0.0965,0.0063,0.7502,0.0799
"ecoli","GaussNaiveBayes",0.6541,0.0678,0.8803,0.0204,1.866,0.4294,0.0037,5e-04
"ecoli","KernelNaiveBayes",0.8315,0.043,0.9632,0.0117,0.7891,0.292,0.0169,5e-04
"ecoli","LinearDiscriminant",0.7704,0.0475,0.9373,0.0183,0.7381,0.1495,0.0064,0.001
"ecoli","GlmNet",0.7786,0.0496,0.932,0.0241,0.7394,0.1343,0.3156,0.0685
"ecoli","Cart",0.7941,0.0361,0.929,0.0203,1.2305,0.6391,0.0066,8e-04
"ecoli","C4.5DecisionTree",0.8028,0.0487,0.9056,0.0367,3.4652,1.6156,0.0308,6e-04
"ecoli","LinearSvm",0.7867,0.0477,0.9331,0.0197,0.7454,0.0857,0.3401,0.016
"ecoli","RegGaussBayes-diag",0.7846,0.0393,0.9405,0.019,0.9879,0.3864,0.0033,5e-04
"ecoli","RegGaussBayes-lowrank",0.7947,0.0343,0.9406,0.0197,1.0775,0.4176,0.0075,0.0023
"ecoli","RegGaussBayes",0.8024,0.0382,0.9443,0.0197,0.9555,0.3998,0.0026,5e-04
"ecoli","BoostedRgb-diag",0.8044,0.0355,0.9415,0.0162,1.0813,0.3154,0.5752,0.0535
"ecoli","BoostedRgb-lowrank",0.8119,0.0476,0.9458,0.0194,0.9739,0.0388,0.8938,0.0951
"ecoli","BoostedRgb",0.826,0.0473,0.9492,0.019,0.9029,0.1174,0.5389,0.052
"ecoli","NonlinearRbfSvm",0.8359,0.04,0.9647,0.0128,0.5193,0.0729,0.3771,0.0055
"ecoli","ExtraTrees",0.8533,0.0375,0.9714,0.012,0.5454,0.2497,0.0105,0.0018
"ecoli","Adaboost",0.835,0.0387,0.9569,0.0169,4.416,1.2814,0.129,0.0082
"ecoli","GradientBoosting",0.8461,0.0394,0.9662,0.0114,0.5693,0.1518,0.1206,0.0022
"ecoli","RandomForest",0.8528,0.0356,0.971,0.0119,0.5627,0.2992,0.0252,7e-04
"german","GaussNaiveBayes",0.7113,0.0741,0.7683,0.0709,0.9851,0.4834,0.0114,5e-04
"german","KernelNaiveBayes",0.72,0.0241,0.8169,0.0297,0.68,0.0964,0.0288,5e-04
"german","LinearDiscriminant",0.7633,0.0294,0.8404,0.0219,0.4966,0.0328,0.0249,0.0055
"german","GlmNet",0.7652,0.0295,0.8402,0.0218,0.4968,0.0312,0.2246,0.0101
"german","Cart",0.743,0.0245,0.8019,0.0211,0.5779,0.1203,0.0241,0.0011
"german","C4.5DecisionTree",0.7227,0.0339,0.7226,0.0406,3.7423,0.9475,0.0519,0.0021
"german","LinearSvm",0.7638,0.0285,0.8397,0.0207,0.4963,0.0251,6.9104,0.6713
"german","RegGaussBayes-diag",0.7292,0.0242,0.789,0.0249,0.8225,0.1953,0.0021,3e-04
"german","RegGaussBayes-lowrank",0.7273,0.0267,0.7985,0.0263,0.6806,0.0815,0.0091,0.0022
"german","RegGaussBayes",0.739,0.0234,0.8019,0.0254,0.821,0.1916,0.0018,4e-04
"german","BoostedRgb-diag",0.7453,0.0293,0.8257,0.0227,0.5737,0.1819,0.5435,0.0627
"german","BoostedRgb-lowrank",0.7525,0.026,0.8262,0.0219,0.5587,0.0122,0.7364,0.0836
"german","BoostedRgb",0.7217,0.0265,0.7997,0.0199,0.5629,0.0136,0.5429,0.0537
"german","NonlinearRbfSvm",0.7595,0.0301,0.8351,0.0197,0.5034,0.0257,3.6384,0.0703
"german","ExtraTrees",0.7578,0.0209,0.8347,0.0197,0.5094,0.0416,0.0375,0.0038
"german","Adaboost",0.7483,0.022,0.816,0.0216,5.6784,0.7639,0.8601,0.0146
"german","GradientBoosting",0.7698,0.0207,0.8427,0.0219,0.507,0.0441,0.3653,0.0072
"german","RandomForest",0.765,0.0211,0.8449,0.0192,0.4929,0.0228,0.197,0.0031
"heart","GaussNaiveBayes",0.7765,0.0842,0.8475,0.0744,1.3258,0.8642,0.0071,4e-04
"heart","KernelNaiveBayes",0.8309,0.0514,0.8969,0.045,0.5857,0.2529,0.0196,7e-04
"heart","LinearDiscriminant",0.8426,0.0394,0.9083,0.035,0.4034,0.0972,0.0107,0.0046
"heart","GlmNet",0.8377,0.0437,0.9024,0.0352,0.4082,0.0689,0.176,0.0031
"heart","Cart",0.8025,0.0576,0.8238,0.0635,0.5053,0.1036,0.0086,7e-04
"heart","C4.5DecisionTree",0.779,0.0737,0.7918,0.0753,3.3782,1.69,0.0358,0.0015
"heart","LinearSvm",0.8247,0.0519,0.9045,0.0326,0.392,0.0643,0.5995,0.0924
"heart","RegGaussBayes-diag",0.8191,0.0556,0.8753,0.0554,0.9661,0.4879,0.0019,3e-04
"heart","RegGaussBayes-lowrank",0.8037,0.0485,0.8666,0.0507,0.7186,0.2994,0.0068,0.0023
"heart","RegGaussBayes",0.8031,0.0495,0.8573,0.0583,0.9477,0.4708,0.0013,5e-04
"heart","BoostedRgb-diag",0.8216,0.0499,0.8799,0.0436,0.481,0.0464,0.3742,0.0696
"heart","BoostedRgb-lowrank",0.8025,0.0477,0.8775,0.0442,0.4985,0.0363,0.4683,0.0785
"heart","BoostedRgb",0.7494,0.0556,0.8234,0.0495,0.5307,0.041,0.3694,0.0814
"heart","NonlinearRbfSvm",0.816,0.0491,0.8926,0.0415,0.4149,0.079,0.3994,0.0108
"heart","ExtraTrees",0.8006,0.0431,0.8877,0.043,0.4589,0.1682,0.0117,0.0024
"heart","Adaboost",0.7864,0.0426,0.8606,0.0437,5.2892,1.4906,0.1473,0.0039
"heart","GradientBoosting",0.8006,0.0397,0.8779,0.0363,0.5469,0.1327,0.0842,0.0016
"heart","RandomForest",0.8185,0.0444,0.9007,0.0381,0.422,0.1132,0.0328,9e-04
"ionosphere","GaussNaiveBayes",0.8172,0.0538,0.918,0.0352,1.1625,0.5372,0.0123,4e-04
"ionosphere","KernelNaiveBayes",0.9112,0.0302,0.9649,0.0163,0.728,0.2809,0.0367,7e-04
"ionosphere","LinearDiscriminant",0.8551,0.0415,0.903,0.0367,0.4509,0.1414,0.0151,0.0036
"ionosphere","GlmNet",0.849,0.0384,0.9055,0.0394,0.4176,0.1313,0.225,0.0481
"ionosphere","Cart",0.8975,0.0331,0.9219,0.0271,0.3739,0.2218,0.0149,7e-04
"ionosphere","C4.5DecisionTree",0.9051,0.033,0.9206,0.0358,1.4537,0.9412,0.0473,0.0029
"ionosphere","LinearSvm",0.848,0.0365,0.8992,0.0369,0.4043,0.0799,1.2361,0.2888
"ionosphere","RegGaussBayes-diag",0.8148,0.0549,0.9153,0.0356,1.1898,0.5474,0.0024,5e-04
"ionosphere","RegGaussBayes-lowrank",0.9003,0.0365,0.9473,0.0342,1.5234,0.8312,0.0097,0.0025
"ionosphere","RegGaussBayes",0.9145,0.0324,0.9674,0.0196,1.7235,0.7388,0.0015,5e-04
"ionosphere","BoostedRgb-diag",0.9331,0.0249,0.97,0.0193,0.3921,0.021,0.4252,0.0721
"ionosphere","BoostedRgb-lowrank",0.9535,0.0236,0.98,0.014,0.3243,0.0292,0.5601,0.07
"ionosphere","BoostedRgb",0.9464,0.0278,0.9768,0.0164,0.2472,0.0635,0.4109,0.0598
"ionosphere","NonlinearRbfSvm",0.9478,0.0265,0.9847,0.0122,0.1482,0.0559,0.6255,0.0217
"ionosphere","ExtraTrees",0.9449,0.025,0.9872,0.0099,0.1791,0.0323,0.0127,0.0018
"ionosphere","Adaboost",0.9397,0.0274,0.9685,0.0174,1.7672,0.7861,0.4673,0.0139
"ionosphere","GradientBoosting",0.9312,0.025,0.9749,0.0122,0.2498,0.0865,0.196,0.0041
"ionosphere","RandomForest",0.9345,0.0281,0.9811,0.0122,0.2046,0.0904,0.054,0.0015
"iris","GaussNaiveBayes",0.9522,0.0388,0.9952,0.005,0.136,0.1003,0.0024,5e-04
"iris","KernelNaiveBayes",0.9589,0.0347,0.9941,0.0059,0.1664,0.1396,0.0072,4e-04
"iris","LinearDiscriminant",0.9778,0.0237,0.9989,0.0016,0.057,0.0386,0.004,6e-04
"iris","GlmNet",0.9533,0.0367,0.9964,0.0045,0.1546,0.0969,0.2182,0.0069
"iris","Cart",0.9356,0.0471,0.9756,0.0261,0.6705,0.9745,0.0048,6e-04
"iris","C4.5DecisionTree",0.9456,0.0475,0.965,0.0312,1.2379,1.328,0.0284,0.0018
"iris","LinearSvm",0.9556,0.0449,0.9974,0.0043,0.1149,0.0464,0.144,0.0024
"iris","RegGaussBayes-diag",0.9467,0.0397,0.9941,0.0057,0.1437,0.0967,0.0024,5e-04
"iris","RegGaussBayes-lowrank",0.9644,0.0302,0.9981,0.0021,0.0966,0.0814,0.0057,0.0028
"iris","RegGaussBayes",0.9711,0.03,0.9988,0.0017,0.0634,0.0319,0.0017,5e-04
"iris","BoostedRgb-diag",0.96,0.0332,0.9961,0.0051,0.3109,0.0371,0.2301,0.0594
"iris","BoostedRgb-lowrank",0.9667,0.0277,0.9957,0.0063,0.282,0.0432,0.4797,0.0582
"iris","BoostedRgb",0.9633,0.0253,0.9964,0.0041,0.2867,0.0328,0.1994,0.0516
"iris","NonlinearRbfSvm",0.9622,0.0312,0.998,0.0026,0.1086,0.0397,0.1786,0.0032
"iris","ExtraTrees",0.9544,0.0386,0.9966,0.0039,0.1052,0.0546,0.0049,7e-04
"iris","Adaboost",0.9389,0.0496,0.9746,0.0233,1.2566,1.1001,0.0295,0.006
"iris","GradientBoosting",0.9422,0.0446,0.9932,0.0079,0.2854,0.29,0.026,9e-04
"iris","RandomForest",0.9444,0.0404,0.9957,0.0053,0.1192,0.0851,0.0078,5e-04
"pageblocks","GaussNaiveBayes",0.8992,0.028,0.9773,0.0052,0.8847,0.1422,0.0114,6e-04
"pageblocks","KernelNaiveBayes",0.9357,0.0059,0.9862,0.0026,0.6537,0.0939,0.033,7e-04
"pageblocks","LinearDiscriminant",0.9461,0.0056,0.9915,0.002,0.351,0.0629,0.0636,0.016
"pageblocks","GlmNet",0.9479,0.0169,0.9931,0.0065,0.1801,0.0659,16.6559,7.1161
"pageblocks","Cart",0.967,0.0039,0.9925,0.0018,0.1791,0.0431,0.0681,0.0039
"pageblocks","C4.5DecisionTree",0.9702,0.0047,0.9894,0.0037,0.4086,0.1255,0.0844,0.0042
"pageblocks","LinearSvm",0.9646,0.0036,0.9966,0.0013,0.1349,0.0144,10.7514,0.5315
"pageblocks","RegGaussBayes-diag",0.9116,0.0088,0.974,0.0043,0.9097,0.1276,0.0063,5e-04
"pageblocks","RegGaussBayes-lowrank",0.9031,0.0068,0.9773,0.0039,1.078,0.139,0.0147,0.0021
"pageblocks","RegGaussBayes",0.9291,0.0057,0.9822,0.0033,0.8323,0.1217,0.0059,3e-04
"pageblocks","BoostedRgb-diag",0.9303,0.0069,0.9886,0.0033,0.4995,0.1156,3.2507,0.134
"pageblocks","BoostedRgb-lowrank",0.9367,0.0081,0.99,0.002,0.4603,0.0796,3.6723,0.1516
"pageblocks","BoostedRgb",0.9402,0.0065,0.9906,0.0041,0.4425,0.1006,3.2488,0.1084
"pageblocks","NonlinearRbfSvm",0.9652,0.006,0.9971,9e-04,0.124,0.0158,16.6983,0.3071
"pageblocks","ExtraTrees",0.9723,0.005,0.996,0.0011,0.2364,0.056,0.0918,0.0093
"pageblocks","Adaboost",0.9708,0.0042,0.9981,5e-04,0.2562,0.0487,1.8213,0.7652
"pageblocks","GradientBoosting",0.973,0.0039,0.9985,5e-04,0.0886,0.0131,2.5217,0.0219
"pageblocks","RandomForest",0.9743,0.0045,0.9978,8e-04,0.1526,0.0416,0.8136,0.1473
"phoneme","GaussNaiveBayes",0.7599,0.0138,0.8356,0.0102,0.6375,0.0375,0.006,7e-04
"phoneme","KernelNaiveBayes",0.7799,0.0129,0.8683,0.0088,0.5369,0.0296,0.01,6e-04
"phoneme","LinearDiscriminant",0.7569,0.0094,0.8537,0.0075,0.4748,0.0124,0.0328,0.0074
"phoneme","GlmNet",0.7501,0.0084,0.8513,0.0074,0.4718,0.0108,0.4577,0.0304
"phoneme","Cart",0.8157,0.0125,0.868,0.022,0.4513,0.0343,0.0376,0.0012
"phoneme","C4.5DecisionTree",0.8621,0.0143,0.9075,0.0114,1.1572,0.2504,0.0632,0.0034
"phoneme","LinearSvm",0.7745,0.0086,0.8501,0.0069,0.4837,0.0104,34.9151,1.3047
"phoneme","RegGaussBayes-diag",0.7618,0.0133,0.8362,0.0101,0.6326,0.0369,0.0029,3e-04
"phoneme","RegGaussBayes-lowrank",0.7895,0.0101,0.8475,0.0097,0.6341,0.0429,0.0083,0.0039
"phoneme","RegGaussBayes",0.785,0.0078,0.8558,0.0072,0.5986,0.0324,0.0027,5e-04
"phoneme","BoostedRgb-diag",0.7694,0.0112,0.8431,0.0099,0.4878,0.0206,0.6219,0.066
"phoneme","BoostedRgb-lowrank",0.7811,0.0132,0.8624,0.0096,0.5047,0.0148,1.2309,0.0866
"phoneme","BoostedRgb",0.7888,0.0065,0.8777,0.0081,0.4409,0.0129,0.6416,0.0595
"phoneme","NonlinearRbfSvm",0.8513,0.0084,0.9323,0.0058,0.3327,0.0136,39.9249,0.5459
"phoneme","ExtraTrees",0.9158,0.0075,0.9744,0.0038,0.2388,0.0316,0.1147,0.0247
"phoneme","Adaboost",0.9101,0.0082,0.9592,0.0057,2.2027,0.2259,3.994,0.1783
"phoneme","GradientBoosting",0.8662,0.0088,0.9433,0.0051,0.3064,0.012,0.7002,0.008
"phoneme","RandomForest",0.9111,0.0074,0.9698,0.0041,0.2584,0.0285,0.4949,0.1052
"pima","GaussNaiveBayes",0.7543,0.0301,0.8289,0.0263,0.6201,0.1088,0.0045,5e-04
"pima","KernelNaiveBayes",0.755,0.0308,0.8415,0.0278,0.5557,0.0755,0.0105,6e-04
"pima","LinearDiscriminant",0.7678,0.0318,0.8502,0.0238,0.4835,0.0331,0.0135,0.0043
"pima","GlmNet",0.7704,0.0343,0.8506,0.0258,0.4855,0.0376,0.2393,0.0045
"pima","Cart",0.7528,0.0211,0.8013,0.0251,0.5728,0.1006,0.0115,8e-04
"pima","C4.5DecisionTree",0.7367,0.0304,0.7812,0.0343,1.8937,0.8477,0.0334,0.0011
"pima","LinearSvm",0.7697,0.0315,0.8515,0.024,0.4855,0.0357,1.3237,0.0641
"pima","RegGaussBayes-diag",0.7539,0.0294,0.8286,0.0261,0.6145,0.1042,0.0018,4e-04
"pima","RegGaussBayes-lowrank",0.7515,0.0294,0.822,0.0234,0.6152,0.1033,0.0049,0.0014
"pima","RegGaussBayes",0.7452,0.0262,0.8259,0.025,0.6009,0.0857,0.0016,5e-04
"pima","BoostedRgb-diag",0.7654,0.0265,0.851,0.0264,0.5468,0.015,0.3639,0.0584
"pima","BoostedRgb-lowrank",0.7606,0.0315,0.8479,0.0256,0.5403,0.0171,0.4726,0.0898
"pima","BoostedRgb",0.7606,0.0336,0.8428,0.0277,0.5432,0.0193,0.3463,0.0595
"pima","NonlinearRbfSvm",0.7624,0.0338,0.8505,0.0252,0.4832,0.0371,1.3033,0.0184
"pima","ExtraTrees",0.7621,0.0312,0.8417,0.0216,0.4895,0.0268,0.0218,0.0061
"pima","Adaboost",0.737,0.0196,0.8119,0.0247,4.8052,1.8972,0.3059,0.118
"pima","GradientBoosting",0.7446,0.0311,0.8261,0.0229,0.5577,0.0549,0.1356,0.0018
"pima","RandomForest",0.7674,0.033,0.846,0.0221,0.4917,0.0519,0.0698,0.0012
"segmentation","GaussNaiveBayes",0.7955,0.0128,0.9788,0.0028,1.5825,0.1984,0.0124,6e-04
"segmentation","KernelNaiveBayes",0.8984,0.0108,0.9799,0.0046,1.077,0.1986,0.0636,6e-04
"segmentation","LinearDiscriminant",0.9147,0.0078,0.9931,0.0013,0.3424,0.0577,0.0363,0.0038
"segmentation","GlmNet",0.9496,0.0097,0.9979,9e-04,0.1546,0.0407,4.2433,0.9199
"segmentation","Cart",0.9205,0.0112,0.9907,0.0027,0.3433,0.0995,0.0488,9e-04
"segmentation","C4.5DecisionTree",0.9662,0.0085,0.9858,0.0045,0.809,0.2459,0.0594,0.0036
"segmentation","LinearSvm",0.9571,0.0082,0.9985,6e-04,0.1392,0.014,4.2207,0.089
"segmentation","RegGaussBayes-diag",0.8056,0.0127,0.9806,0.0029,1.4065,0.2045,0.0059,4e-04
"segmentation","RegGaussBayes-lowrank",0.8317,0.014,0.9861,0.0021,1.0817,0.1769,0.0167,0.0026
"segmentation","RegGaussBayes",0.8714,0.012,0.9921,0.0018,0.8093,0.1669,0.0055,5e-04
"segmentation","BoostedRgb-diag",0.6346,0.0579,0.9549,0.0067,1.0066,0.1862,2.4919,0.094
"segmentation","BoostedRgb-lowrank",0.9113,0.014,0.9927,0.0024,0.639,0.0478,3.1743,0.1237
"segmentation","BoostedRgb",0.962,0.0108,0.9976,9e-04,0.35,0.042,2.5,0.0918
"segmentation","NonlinearRbfSvm",0.9706,0.007,0.999,6e-04,0.1015,0.0141,8.6298,0.0789
"segmentation","ExtraTrees",0.9792,0.0068,0.9996,2e-04,0.0903,0.0097,0.0418,0.0041
"segmentation","Adaboost",0.984,0.007,0.999,6e-04,0.4447,0.1983,1.9053,0.0306
"segmentation","GradientBoosting",0.9782,0.006,0.9995,3e-04,0.0667,0.0163,2.2842,0.0129
"segmentation","RandomForest",0.9782,0.0064,0.9996,2e-04,0.0885,0.0096,0.2834,0.0229
"soldat","GaussNaiveBayes",0.7005,0.0175,0.7705,0.0163,3.1914,0.2397,0.0659,0.001
"soldat","KernelNaiveBayes",0.698,0.0195,0.7851,0.0185,2.469,0.2222,0.1164,0.002
"soldat","LinearDiscriminant",0.766,0.0151,0.8415,0.0132,0.5047,0.0262,0.2065,0.0245
"soldat","GlmNet",0.7762,0.0156,0.8486,0.0137,0.4882,0.0213,21.5928,17.5295
"soldat","Cart",0.7373,0.0209,0.7782,0.0177,0.5613,0.0225,0.4308,0.0174
"soldat","C4.5DecisionTree",0.7322,0.0133,0.7305,0.0193,5.4241,0.7314,0.4884,0.0184
"soldat","LinearSvm",0.7822,0.0136,0.8492,0.0128,0.4874,0.0193,373.8409,39.6586
"soldat","RegGaussBayes-diag",0.7007,0.0173,0.7707,0.0161,3.1769,0.2358,0.0153,6e-04
"soldat","RegGaussBayes-lowrank",0.6882,0.0173,0.7449,0.015,2.2578,0.1812,0.0425,0.0031
"soldat","RegGaussBayes",0.7077,0.0126,0.8161,0.012,2.8035,0.3618,0.0151,4e-04
"soldat","BoostedRgb-diag",0.73,0.0175,0.8078,0.0154,0.5431,0.014,3.0874,0.1154
"soldat","BoostedRgb-lowrank",0.7414,0.0168,0.8175,0.0138,0.5594,0.008,4.04,0.1946
"soldat","BoostedRgb",0.7947,0.0128,0.867,0.0115,0.5236,0.0092,3.0655,0.1162
"soldat","NonlinearRbfSvm",0.8098,0.0115,0.8817,0.0117,0.4332,0.0194,152.4475,1.6798
"soldat","ExtraTrees",0.8179,0.0136,0.8978,0.0096,0.4368,0.0309,0.2821,0.0211
"soldat","Adaboost",0.7906,0.0194,0.8627,0.0143,2.8301,1.3979,26.3659,24.0383
"soldat","GradientBoosting",0.7917,0.0131,0.8702,0.0103,0.4525,0.0152,5.4077,0.0916
"soldat","RandomForest",0.807,0.0131,0.8889,0.0099,0.441,0.0258,2.9764,0.0828
"sonar","GaussNaiveBayes",0.6823,0.0697,0.7759,0.0598,2.4657,0.8062,0.0214,6e-04
"sonar","KernelNaiveBayes",0.7522,0.0739,0.8394,0.0564,1.4532,0.6685,0.0667,0.0011
"sonar","LinearDiscriminant",0.7427,0.058,0.8258,0.0553,0.5781,0.1321,0.0236,0.0163
"sonar","GlmNet",0.7322,0.0596,0.8246,0.0541,0.742,0.5421,0.3975,0.0403
"sonar","Cart",0.7092,0.0554,0.7313,0.0687,0.9253,0.5777,0.0179,8e-04
"sonar","C4.5DecisionTree",0.7389,0.0472,0.7433,0.0666,6.321,2.2377,0.0586,0.0018
"sonar","LinearSvm",0.7526,0.0689,0.8342,0.0576,0.5066,0.0757,0.6274,0.0313
"sonar","RegGaussBayes-diag",0.6816,0.0661,0.7746,0.06,2.3561,0.7754,0.0028,5e-04
"sonar","RegGaussBayes-lowrank",0.7538,0.0661,0.8636,0.0515,1.0584,0.5268,0.0115,0.0025
"sonar","RegGaussBayes",0.7885,0.062,0.8668,0.0511,1.3836,0.6222,0.0018,4e-04
"sonar","BoostedRgb-diag",0.8272,0.0474,0.892,0.0499,0.4976,0.0418,0.4548,0.0729
"sonar","BoostedRgb-lowrank",0.8424,0.0612,0.9256,0.0487,0.4357,0.0512,0.6529,0.0776
"sonar","BoostedRgb",0.8032,0.0639,0.8961,0.0424,0.4271,0.0558,0.4427,0.0584
"sonar","NonlinearRbfSvm",0.864,0.0495,0.9325,0.0397,0.3297,0.0897,0.7156,0.0371
"sonar","ExtraTrees",0.8759,0.0458,0.9501,0.029,0.3938,0.0357,0.0118,0.0019
"sonar","Adaboost",0.8306,0.0539,0.904,0.054,3.7407,1.7678,0.4996,0.0854
"sonar","GradientBoosting",0.8542,0.0569,0.9313,0.0367,0.37,0.1445,0.219,0.0034
"sonar","RandomForest",0.8271,0.0538,0.9253,0.0346,0.4155,0.0352,0.0536,0.0014
"soybean","GaussNaiveBayes",0.5314,0.0398,0.9169,0.0078,11.1328,0.7397,0.0464,0.0021
"soybean","KernelNaiveBayes",0.7196,0.033,0.9783,0.0033,2.4726,0.3102,0.495,0.006
"soybean","LinearDiscriminant",0.9218,0.0263,0.994,0.0054,0.6747,0.3747,0.0375,0.0081
"soybean","GlmNet",0.1628,0.0038,0.6844,0.0019,2.472,0.0049,2.7225,1.1734
"soybean","Cart",0.8752,0.0267,0.9912,0.0058,0.5821,0.3347,0.0283,0.0011
"soybean","C4.5DecisionTree",0.9063,0.0256,0.9797,0.0096,1.3473,0.6005,0.0753,0.0031
"soybean","LinearSvm",0.9119,0.0241,0.9969,0.0022,0.4087,0.0502,2.6872,0.1108
"soybean","RegGaussBayes-diag",0.9226,0.0263,0.9955,0.005,1.4024,0.6685,0.0108,6e-04
"soybean","RegGaussBayes-lowrank",0.8959,0.0301,0.9965,0.0023,0.9676,0.3985,0.0324,0.0024
"soybean","RegGaussBayes",0.9341,0.0238,0.9965,0.0045,0.8957,0.4983,0.0092,4e-04
"soybean","BoostedRgb-diag",0.8702,0.0182,0.988,0.0015,0.8038,0.1126,4.508,0.1213
"soybean","BoostedRgb-lowrank",0.9037,0.0292,0.9926,0.0044,0.8408,0.2444,6.8065,0.4379
"soybean","BoostedRgb",0.9327,0.0258,0.9974,0.0019,0.2392,0.1186,4.4065,0.1133
"soybean","NonlinearRbfSvm",0.9182,0.0203,0.997,0.0027,0.4017,0.0401,3.7747,0.1261
"soybean","ExtraTrees",0.9187,0.0239,0.9965,0.0031,0.3101,0.1775,0.0245,0.003
"soybean","Adaboost",0.9077,0.0275,0.9942,0.0051,1.4485,1.0093,0.5504,0.1864
"soybean","GradientBoosting",0.9178,0.0287,0.9984,9e-04,0.2141,0.0741,2.8212,0.0503
"soybean","RandomForest",0.9241,0.024,0.9985,8e-04,0.2694,0.0353,0.185,0.0026
"spam","GaussNaiveBayes",0.7122,0.0146,0.8303,0.0138,8.1549,0.595,0.0502,0.0019
"spam","KernelNaiveBayes",0.6091,0.0203,0.7605,0.0179,8.835,0.6016,0.0845,0.0013
"spam","LinearDiscriminant",0.8873,0.0123,0.9503,0.007,0.2897,0.0257,0.1723,0.0064
"spam","GlmNet",0.9266,0.0088,0.9718,0.005,0.233,0.0267,4.6668,4.7177
"spam","Cart",0.8924,0.012,0.9096,0.0125,0.3421,0.0426,0.1905,0.0054
"spam","C4.5DecisionTree",0.9243,0.0098,0.9386,0.0108,0.943,0.1904,0.2592,0.0093
"spam","LinearSvm",0.9283,0.0082,0.972,0.0043,0.2382,0.0219,103.3359,13.5562
"spam","RegGaussBayes-diag",0.7769,0.0128,0.8983,0.0086,4.0132,0.339,0.0103,6e-04
"spam","RegGaussBayes-lowrank",0.8381,0.0669,0.9154,0.0405,0.5241,0.2385,0.032,0.0028
"spam","RegGaussBayes",0.7935,0.0126,0.9121,0.0085,3.0446,0.318,0.0102,6e-04
"spam","BoostedRgb-diag",0.8395,0.0313,0.9149,0.0152,1.3056,0.3251,2.3553,0.1388
"spam","BoostedRgb-lowrank",0.917,0.0089,0.9635,0.0067,0.3907,0.0177,3.0237,0.1997
"spam","BoostedRgb",0.8708,0.0209,0.9437,0.009,0.6553,0.1715,2.3269,0.1046
"spam","NonlinearRbfSvm",0.9345,0.0071,0.9785,0.0045,0.1866,0.02,66.0356,1.0406
"spam","ExtraTrees",0.9569,0.0063,0.988,0.0039,0.1988,0.0528,0.2639,0.0213
"spam","Adaboost",0.951,0.0067,0.9845,0.0043,0.529,0.2475,5.1649,4.9506
"spam","GradientBoosting",0.9491,0.0065,0.9859,0.0035,0.143,0.0154,3.6536,0.1013
"spam","RandomForest",0.9523,0.0068,0.9873,0.0038,0.1776,0.0392,2.129,0.1324
"thyroid","GaussNaiveBayes",0.9503,0.0032,0.9872,0.0019,0.2501,0.0326,0.0098,6e-04
"thyroid","KernelNaiveBayes",0.9684,0.0043,0.9956,0.0016,0.1468,0.0421,0.0186,6e-04
"thyroid","LinearDiscriminant",0.9367,0.0019,0.9843,0.0015,0.2768,0.0257,0.0605,0.0094
"thyroid","GlmNet",0.9452,0.0027,0.9944,0.001,0.1709,0.0181,1.2684,0.136
"thyroid","Cart",0.9856,0.0036,0.9993,3e-04,0.0436,0.0119,0.0198,9e-04
"thyroid","C4.5DecisionTree",0.983,0.0043,0.9958,0.0019,0.2018,0.0833,0.0449,0.0018
"thyroid","LinearSvm",0.944,0.0024,0.9956,0.0011,0.162,0.0077,48.414,26.2523
"thyroid","RegGaussBayes-diag",0.95,0.003,0.9871,0.002,0.2501,0.0346,0.0049,4e-04
"thyroid","RegGaussBayes-lowrank",0.9322,0.0031,0.9829,0.0013,0.2439,0.0195,0.0126,0.0039
"thyroid","RegGaussBayes",0.9464,0.0034,0.9869,0.0023,0.2765,0.0465,0.0046,5e-04
"thyroid","BoostedRgb-diag",0.9485,0.0032,0.9882,0.0014,0.3977,0.0261,1.6006,0.078
"thyroid","BoostedRgb-lowrank",0.9424,0.002,0.9867,0.0012,0.4685,0.0236,2.4989,0.1167
"thyroid","BoostedRgb",0.9469,0.0036,0.987,0.0018,0.3946,0.0455,1.6128,0.0858
"thyroid","NonlinearRbfSvm",0.9644,0.0043,0.9958,0.0014,0.11,0.0147,22.5138,0.5126
"thyroid","ExtraTrees",0.9723,0.0047,0.9989,2e-04,0.0686,0.0047,0.0887,0.0075
"thyroid","Adaboost",0.984,0.0043,0.997,0.001,0.4508,0.1315,2.0595,0.1078
"thyroid","GradientBoosting",0.9837,0.0036,0.9995,2e-04,0.0412,0.0085,1.4582,0.0113
"thyroid","RandomForest",0.9842,0.0042,0.9995,2e-04,0.0416,0.0055,0.8033,0.0565
"titanic","GaussNaiveBayes",0.7707,0.0189,0.7561,0.0231,0.8017,0.0849,0.004,5e-04
"titanic","KernelNaiveBayes",0.7072,0.0229,0.7704,0.0134,0.7151,0.0534,0.0079,5e-04
"titanic","LinearDiscriminant",0.7783,0.0142,0.823,0.0177,0.5094,0.0245,0.016,0.0034
"titanic","GlmNet",0.7781,0.0144,0.825,0.0175,0.5057,0.0191,0.3931,0.0088
"titanic","Cart",0.7815,0.0155,0.8125,0.0238,0.5067,0.0282,0.0098,7e-04
"titanic","C4.5DecisionTree",0.7902,0.0135,0.8278,0.0152,0.4899,0.0206,0.033,0.0014
"titanic","LinearSvm",0.776,0.0144,0.7903,0.0203,0.531,0.017,3.3133,0.1426
"titanic","RegGaussBayes-diag",0.7707,0.0189,0.7556,0.0229,0.7978,0.0842,0.0023,5e-04
"titanic","RegGaussBayes-lowrank",0.7733,0.0139,0.8108,0.0193,0.8785,0.1204,0.006,0.0026
"titanic","RegGaussBayes",0.7456,0.0171,0.805,0.0213,0.75,0.0811,0.0019,3e-04
"titanic","BoostedRgb-diag",0.7729,0.014,0.8034,0.018,0.5595,0.0136,0.3675,0.0481
"titanic","BoostedRgb-lowrank",0.7815,0.0143,0.8434,0.0153,0.542,0.0106,0.6829,0.0634
"titanic","BoostedRgb",0.7805,0.0146,0.8377,0.0181,0.5393,0.0107,0.3727,0.0688
"titanic","NonlinearRbfSvm",0.7873,0.0148,0.8242,0.0147,0.5042,0.0185,6.9175,0.0988
"titanic","ExtraTrees",0.7893,0.0135,0.7892,0.0135,7.2787,0.4646,0.0141,0.0025
"titanic","Adaboost",0.7881,0.0131,0.8457,0.015,0.4819,0.0216,0.1816,0.0137
"titanic","GradientBoosting",0.789,0.0138,0.8456,0.0152,0.4819,0.0214,0.2654,0.0049
"titanic","RandomForest",0.7905,0.0128,0.8038,0.0149,4.4174,0.4383,0.0901,0.0014
"vehicle","GaussNaiveBayes",0.4492,0.0309,0.7424,0.021,2.5792,0.3559,0.0097,5e-04
"vehicle","KernelNaiveBayes",0.6212,0.0333,0.8551,0.0197,2.2125,0.4032,0.0416,0.0018
"vehicle","LinearDiscriminant",0.7812,0.0208,0.9561,0.0069,0.486,0.0394,0.0182,0.0033
"vehicle","GlmNet",0.7977,0.0252,0.9659,0.0055,0.4174,0.0365,2.1725,0.4775
"vehicle","Cart",0.675,0.0323,0.8938,0.0202,1.0589,0.4868,0.0184,9e-04
"vehicle","C4.5DecisionTree",0.7161,0.0361,0.8683,0.0221,4.8899,1.0118,0.0454,0.0011
"vehicle","LinearSvm",0.7993,0.0248,0.9664,0.0065,0.4246,0.0337,2.3697,0.1516
"vehicle","RegGaussBayes-diag",0.4488,0.031,0.7412,0.0207,2.5784,0.3532,0.0033,4e-04
"vehicle","RegGaussBayes-lowrank",0.6056,0.0396,0.8524,0.0231,1.3475,0.2239,0.0103,0.0022
"vehicle","RegGaussBayes",0.8188,0.0279,0.968,0.0075,0.4712,0.1287,0.0027,4e-04
"vehicle","BoostedRgb-diag",0.6996,0.0437,0.9016,0.0198,1.0494,0.0192,0.9297,0.0592
"vehicle","BoostedRgb-lowrank",0.7502,0.0243,0.9375,0.0089,0.9163,0.0265,1.2097,0.0818
"vehicle","BoostedRgb",0.8387,0.0256,0.9739,0.0052,0.6273,0.0235,0.9174,0.0665
"vehicle","NonlinearRbfSvm",0.8417,0.03,0.9766,0.0065,0.3501,0.0391,2.5912,0.0171
"vehicle","ExtraTrees",0.7398,0.0267,0.9534,0.0076,0.527,0.0309,0.0303,0.0044
"vehicle","Adaboost",0.7681,0.0303,0.9499,0.0094,5.3659,0.9008,0.8032,0.0139
"vehicle","GradientBoosting",0.7668,0.0248,0.9591,0.007,0.4622,0.0452,0.5145,0.0111
"vehicle","RandomForest",0.7455,0.0253,0.9534,0.007,0.5153,0.0284,0.1275,0.0025
"vowel","GaussNaiveBayes",0.5736,0.0362,0.9355,0.0077,1.1352,0.0728,0.0074,5e-04
"vowel","KernelNaiveBayes",0.6684,0.0349,0.9599,0.0064,0.8961,0.0672,0.0541,5e-04
"vowel","LinearDiscriminant",0.5409,0.0375,0.9219,0.0092,1.2634,0.0825,0.0182,0.0059
"vowel","GlmNet",0.5921,0.0369,0.9349,0.0086,1.1649,0.0899,1.3989,0.0639
"vowel","Cart",0.5271,0.0327,0.8924,0.0165,2.4466,0.5865,0.0329,0.0011
"vowel","C4.5DecisionTree",0.747,0.0336,0.8905,0.02,6.64,1.202,0.0463,0.0025
"vowel","LinearSvm",0.717,0.0397,0.9693,0.0056,0.8915,0.0482,3.0605,0.1347
"vowel","RegGaussBayes-diag",0.566,0.0363,0.9345,0.0079,1.1412,0.0674,0.0069,3e-04
"vowel","RegGaussBayes-lowrank",0.6776,0.0322,0.9594,0.0054,0.931,0.0807,0.0155,0.002
"vowel","RegGaussBayes",0.7914,0.0296,0.9847,0.0038,0.5428,0.0718,0.006,2e-04
"vowel","BoostedRgb-diag",0.6401,0.0317,0.9401,0.0066,1.7177,0.0209,2.4126,0.1121
"vowel","BoostedRgb-lowrank",0.783,0.0288,0.9739,0.0035,1.5321,0.0213,2.7674,0.1669
"vowel","BoostedRgb",0.919,0.0185,0.992,0.0033,1.22,0.0249,2.3068,0.0898
"vowel","NonlinearRbfSvm",0.9726,0.0128,0.9995,4e-04,0.159,0.0231,3.4557,0.0437
"vowel","ExtraTrees",0.9727,0.0097,0.9994,3e-04,0.3888,0.0234,0.0339,0.0033
"vowel","Adaboost",0.9377,0.0181,0.9968,0.0019,1.238,0.4919,1.3302,0.0315
"vowel","GradientBoosting",0.8854,0.028,0.9925,0.0029,0.3889,0.0535,1.0184,0.0239
"vowel","RandomForest",0.9429,0.0168,0.998,9e-04,0.4741,0.0236,0.1378,0.0037
"wine","GaussNaiveBayes",0.972,0.0293,0.9982,0.0022,0.0928,0.0977,0.0061,4e-04
"wine","KernelNaiveBayes",0.9683,0.0298,0.9975,0.0035,0.1257,0.1307,0.0224,0.0013
"wine","LinearDiscriminant",0.9851,0.0217,0.9993,0.0012,0.0404,0.0418,0.0098,0.0052
"wine","GlmNet",0.9757,0.0291,0.9982,0.0027,0.1166,0.0593,0.3614,0.0055
"wine","Cart",0.8659,0.0534,0.9368,0.0327,1.2075,0.9555,0.0073,7e-04
"wine","C4.5DecisionTree",0.9268,0.0426,0.9454,0.0296,2.0164,1.1158,0.0332,9e-04
"wine","LinearSvm",0.9776,0.0212,0.9986,0.0016,0.1066,0.0284,0.2046,0.0044
"wine","RegGaussBayes-diag",0.9767,0.0254,0.9979,0.0028,0.0974,0.1135,0.0036,5e-04
"wine","RegGaussBayes-lowrank",0.9766,0.0255,0.9976,0.0048,0.1067,0.1303,0.0075,0.0027
"wine","RegGaussBayes",0.9898,0.0172,0.9996,7e-04,0.0302,0.0406,0.0018,4e-04
"wine","BoostedRgb-diag",0.9795,0.0273,0.9984,0.0037,0.2687,0.039,0.5364,0.0677
"wine","BoostedRgb-lowrank",0.9789,0.022,0.9984,0.0028,0.2663,0.0303,0.5718,0.0799
"wine","BoostedRgb",0.9874,0.015,0.9994,0.001,0.1559,0.0184,0.5116,0.0825
"wine","NonlinearRbfSvm",0.9832,0.024,0.9991,0.0014,0.0814,0.0321,0.2582,0.0033
"wine","ExtraTrees",0.9832,0.0215,0.9993,0.0011,0.1445,0.0282,0.0054,9e-04
"wine","Adaboost",0.9665,0.0266,0.9925,0.0132,0.8094,0.784,0.0663,0.0218
"wine","GradientBoosting",0.9804,0.0234,0.9986,0.0023,0.0723,0.0836,0.0729,0.0011
"wine","RandomForest",0.9822,0.0202,0.9992,0.0013,0.1361,0.0292,0.0144,5e-04
"adult","GaussNaiveBayes",0.6117,0.0252,0.7265,0.0317,7.6476,1.6022,0.5404,0.0129
"adult","KernelNaiveBayes",0.8212,0.0317,0.9154,0.031,0.6681,0.1793,0.4979,0.0109
"adult","LinearDiscriminant",0.8379,0.0031,0.923,0.0026,0.3525,0.0062,2.4109,0.1756
"adult","GlmNet",NA,NA,NA,NA,NA,NA,NA,NA
"adult","Cart",0.8442,0.0044,0.9081,0.0041,0.3729,0.0067,3.8932,0.0612
"adult","C4.5DecisionTree",0.8616,0.0027,0.9218,0.0031,0.656,0.0555,10.8843,0.3059
"adult","LinearSvm",NA,NA,NA,NA,NA,NA,NA,NA
"adult","RegGaussBayes-diag",0.6372,0.0124,0.7628,0.0097,6.2068,0.46,0.2185,0.0057
"adult","RegGaussBayes-lowrank",0.6978,0.0155,0.7728,0.0181,1.4747,0.1457,0.6461,0.0116
"adult","RegGaussBayes",0.6404,0.0097,0.7652,0.0101,6.2812,0.4673,0.2169,0.0044
"adult","BoostedRgb-diag",0.8062,0.011,0.871,0.0196,1.9236,0.6458,18.7086,0.5003
"adult","BoostedRgb-lowrank",0.7121,0.0082,0.8593,0.0051,0.464,0.0142,36.6319,0.3734
"adult","BoostedRgb",0.8105,0.0073,0.8781,0.0226,1.3672,0.7504,18.6152,0.4807
"adult","BoostedRgb-iso",0.8157,0.0129,0.8726,0.0124,0.4546,0.0388,30.7228,0.3765
"adult","NonlinearRbfSvm",NA,NA,NA,NA,NA,NA,NA,NA
"adult","ExtraTrees",0.8338,0.0037,0.9164,0.0026,0.5729,0.0309,8.4013,0.1442
"adult","Adaboost",NA,NA,NA,NA,NA,NA,NA,NA
"adult","GradientBoosting",0.8658,0.003,0.947,0.0019,0.2947,0.0048,57.7679,0.7587
"adult","RandomForest",0.8608,0.0034,0.9312,0.0025,0.4758,0.0214,62.3351,1.8925
"dna","GaussNaiveBayes",0.9301,0.0254,0.9889,0.006,0.945,0.374,0.1304,0.004
"dna","KernelNaiveBayes",0.7207,0.0287,0.9161,0.0153,1.8444,0.5374,0.3409,0.0061
"dna","LinearDiscriminant",0.948,0.0077,0.9926,0.0014,0.1587,0.0182,0.3297,0.0103
"dna","GlmNet",NA,NA,NA,NA,NA,NA,NA,NA
"dna","Cart",0.9058,0.0093,0.9701,0.0042,0.3318,0.0549,0.2956,0.0058
"dna","C4.5DecisionTree",0.9222,0.0083,0.9443,0.0103,1.585,0.3161,0.4286,0.0055
"dna","LinearSvm",NA,NA,NA,NA,NA,NA,NA,NA
"dna","RegGaussBayes-diag",0.9445,0.0093,0.9922,0.0016,0.2961,0.054,0.0467,0.0013
"dna","RegGaussBayes-lowrank",0.9183,0.0123,0.9851,0.0032,0.2683,0.0439,0.1151,0.0048
"dna","RegGaussBayes",0.9416,0.008,0.992,0.0018,0.3559,0.0733,0.0451,9e-04
"dna","BoostedRgb-diag",0.9482,0.0077,0.9887,0.0024,0.4476,0.0174,8.181,0.0845
"dna","BoostedRgb-lowrank",0.9392,0.0074,0.988,0.002,0.4581,0.0107,13.4676,0.2913
"dna","BoostedRgb",0.8722,0.0175,0.9725,0.0086,0.4934,0.0435,8.1674,0.1408
"dna","BoostedRgb-iso",0.913,0.0113,0.9921,0.0031,0.3094,0.0194,15.6467,0.1837
"dna","NonlinearRbfSvm",NA,NA,NA,NA,NA,NA,NA,NA
"dna","ExtraTrees",0.9565,0.0062,0.9938,0.0013,0.2749,0.025,0.1694,0.008
"dna","Adaboost",NA,NA,NA,NA,NA,NA,NA,NA
"dna","GradientBoosting",0.9617,0.0052,0.9951,0.0013,0.1195,0.0131,10.8253,0.1659
"dna","RandomForest",0.9546,0.0075,0.9939,0.0011,0.293,0.0091,3.7014,0.0635
"letter","GaussNaiveBayes",0.6428,0.0065,0.9566,0.0016,1.6262,0.047,0.0522,0.0036
"letter","KernelNaiveBayes",0.7053,0.0075,0.9769,0.001,1.3615,0.0419,0.2528,0.0154
"letter","LinearDiscriminant",0.7024,0.0071,0.9663,0.0013,1.3588,0.0464,0.3046,0.1465
"letter","GlmNet",NA,NA,NA,NA,NA,NA,NA,NA
"letter","Cart",0.4737,0.0101,0.9024,0.0033,1.8439,0.0302,0.3136,0.0086
"letter","C4.5DecisionTree",0.8738,0.0053,0.9513,0.0023,3.195,0.1496,0.7382,0.2186
"letter","LinearSvm",NA,NA,NA,NA,NA,NA,NA,NA
"letter","RegGaussBayes-diag",0.6412,0.0064,0.9565,0.0015,1.6188,0.0464,0.1746,0.0056
"letter","RegGaussBayes-lowrank",0.6818,0.007,0.9667,0.0013,1.506,0.0458,0.2042,0.0132
"letter","RegGaussBayes",0.8822,0.0048,0.9961,4e-04,0.5067,0.0307,0.1712,0.0076
"letter","BoostedRgb-diag",0.6778,0.0116,0.9686,0.0014,1.7418,0.0416,68.469,0.866
"letter","BoostedRgb-lowrank",0.7061,0.0135,0.9739,0.0016,1.6866,0.0382,78.8411,0.9308
"letter","BoostedRgb",0.9293,0.0034,0.9966,3e-04,1.5663,0.0125,40.8969,0.4413
"letter","BoostedRgb-iso",0.9173,0.0039,0.9973,2e-04,0.7971,0.0141,69.8116,0.6933
"letter","NonlinearRbfSvm",NA,NA,NA,NA,NA,NA,NA,NA
"letter","ExtraTrees",0.9728,0.002,0.9997,1e-04,0.2669,0.0077,0.7534,0.1247
"letter","Adaboost",NA,NA,NA,NA,NA,NA,NA,NA
"letter","GradientBoosting",0.8994,0.0041,0.9967,4e-04,0.4127,0.0104,65.7891,0.7363
"letter","RandomForest",0.9643,0.003,0.9995,1e-04,0.2759,0.0065,6.56,0.7564
"optdigits","GaussNaiveBayes",0.8085,0.0173,0.9762,0.0033,3.1053,0.3817,0.1941,0.6455
"optdigits","KernelNaiveBayes",0.8698,0.0091,0.9847,0.0025,1.4904,0.1615,0.3619,0.0132
"optdigits","LinearDiscriminant",0.9502,0.0061,0.9976,6e-04,0.2357,0.0379,0.2554,0.2182
"optdigits","GlmNet",NA,NA,NA,NA,NA,NA,NA,NA
"optdigits","Cart",0.7648,0.0204,0.9427,0.0066,1.0289,0.0871,0.2441,0.0546
"optdigits","C4.5DecisionTree",0.9017,0.0101,0.9529,0.0048,2.711,0.2866,0.3764,0.0973
"optdigits","LinearSvm",NA,NA,NA,NA,NA,NA,NA,NA
"optdigits","RegGaussBayes-diag",0.9035,0.0087,0.9868,0.0021,1.5196,0.1274,0.0236,8e-04
"optdigits","RegGaussBayes-lowrank",0.923,0.0085,0.9916,0.0021,0.8824,0.1255,0.0807,0.0147
"optdigits","RegGaussBayes",0.9746,0.0039,0.9952,0.0018,0.4974,0.1014,0.0225,8e-04
"optdigits","BoostedRgb-diag",0.7564,0.035,0.7676,0.115,6.8694,3.914,12.8413,0.2481
"optdigits","BoostedRgb-lowrank",0.9651,0.0077,0.9966,0.0017,0.847,0.0393,18.7437,0.5675
"optdigits","BoostedRgb",0.9869,0.0036,0.9992,6e-04,0.4369,0.0449,12.7754,0.1817
"optdigits","BoostedRgb-iso",0.9885,0.003,0.9997,2e-04,0.1911,0.0102,26.1351,0.4231
"optdigits","NonlinearRbfSvm",NA,NA,NA,NA,NA,NA,NA,NA
"optdigits","ExtraTrees",0.986,0.0033,0.9998,1e-04,0.2018,0.0073,0.2649,0.2034
"optdigits","Adaboost",NA,NA,NA,NA,NA,NA,NA,NA
"optdigits","GradientBoosting",0.9729,0.0039,0.9994,2e-04,0.0997,0.0107,23.0262,1.3467
"optdigits","RandomForest",0.983,0.003,0.9997,1e-04,0.2225,0.0077,2.7606,0.1462
"penbased","GaussNaiveBayes",0.8577,0.0065,0.9842,0.0012,1.3209,0.0974,0.0304,0.001
"penbased","KernelNaiveBayes",0.8641,0.0051,0.988,0.0012,0.9869,0.0842,0.1054,0.0024
"penbased","LinearDiscriminant",0.876,0.0067,0.9913,8e-04,0.545,0.0401,0.1631,0.0621
"penbased","GlmNet",NA,NA,NA,NA,NA,NA,NA,NA
"penbased","Cart",0.8155,0.0117,0.9709,0.0024,0.7045,0.0342,0.1317,0.0043
"penbased","C4.5DecisionTree",0.9617,0.004,0.983,0.0023,0.9707,0.1339,0.2453,0.1572
"penbased","LinearSvm",NA,NA,NA,NA,NA,NA,NA,NA
"penbased","RegGaussBayes-diag",0.8579,0.0062,0.9842,0.0012,1.2977,0.094,0.02,9e-04
"penbased","RegGaussBayes-lowrank",0.9456,0.0042,0.9973,5e-04,0.3672,0.0437,0.0488,0.0019
"penbased","RegGaussBayes",0.9829,0.0031,0.999,4e-04,0.1681,0.0385,0.0188,6e-04
"penbased","BoostedRgb-diag",0.9143,0.0071,0.9906,0.0013,1.1023,0.0342,9.8933,0.153
"penbased","BoostedRgb-lowrank",0.985,0.0026,0.999,4e-04,0.9829,0.034,12.8496,0.2612
"penbased","BoostedRgb",0.9952,0.0015,0.9996,3e-04,0.5347,0.0266,9.8765,0.1597
"penbased","BoostedRgb-iso",0.9951,0.0015,0.9997,2e-04,0.2558,0.0105,19.5584,0.2724
"penbased","NonlinearRbfSvm",NA,NA,NA,NA,NA,NA,NA,NA
"penbased","ExtraTrees",0.9936,0.0016,0.9997,2e-04,0.081,0.0106,0.1983,0.0317
"penbased","Adaboost",NA,NA,NA,NA,NA,NA,NA,NA
"penbased","GradientBoosting",0.9862,0.0024,0.9996,2e-04,0.058,0.006,14.2015,0.1739
"penbased","RandomForest",0.9913,0.0019,0.9997,2e-04,0.0869,0.0101,2.4053,0.1006
"satellite","GaussNaiveBayes",0.7961,0.0102,0.9619,0.0023,3.945,0.1996,0.0414,0.0025
"satellite","KernelNaiveBayes",0.8198,0.0103,0.9719,0.002,3.237,0.1748,0.1372,0.0041
"satellite","LinearDiscriminant",0.8396,0.0077,0.9774,0.0019,0.6362,0.0677,0.1546,0.0056
"satellite","GlmNet",NA,NA,NA,NA,NA,NA,NA,NA
"satellite","Cart",0.8108,0.0153,0.9555,0.0082,0.6556,0.065,0.1414,0.0036
"satellite","C4.5DecisionTree",0.8627,0.0093,0.9316,0.006,3.2091,0.2894,0.2662,0.0122
"satellite","LinearSvm",NA,NA,NA,NA,NA,NA,NA,NA
"satellite","RegGaussBayes-diag",0.796,0.0102,0.9619,0.0023,3.944,0.1996,0.0128,5e-04
"satellite","RegGaussBayes-lowrank",0.796,0.0107,0.9592,0.0029,1.8906,0.1312,0.0395,0.0019
"satellite","RegGaussBayes",0.8567,0.0063,0.9783,0.0018,0.8565,0.0736,0.0123,5e-04
"satellite","BoostedRgb-diag",0.8429,0.0083,0.9627,0.003,0.504,0.0329,10.3129,0.3159
"satellite","BoostedRgb-lowrank",0.8428,0.0071,0.9736,0.0023,0.459,0.013,12.2525,0.2494
"satellite","BoostedRgb",0.8673,0.0081,0.9747,0.0018,0.4291,0.0229,7.4613,0.2411
"satellite","BoostedRgb-iso",0.84,0.0051,0.9741,0.0023,0.5408,0.0094,11.0054,0.2548
"satellite","NonlinearRbfSvm",NA,NA,NA,NA,NA,NA,NA,NA
"satellite","ExtraTrees",0.9183,0.0064,0.9949,5e-04,0.2488,0.0095,0.1854,0.0238
"satellite","Adaboost",NA,NA,NA,NA,NA,NA,NA,NA
"satellite","GradientBoosting",0.9057,0.0059,0.9933,7e-04,0.2534,0.0114,9.7771,0.4548
"satellite","RandomForest",0.9172,0.0067,0.9944,7e-04,0.2531,0.0124,2.1746,0.0921
"shuttle","GaussNaiveBayes",0.8485,0.0085,0.9846,0.0011,0.5785,0.0256,0.0764,0.0411
"shuttle","KernelNaiveBayes",0.9904,0.0026,0.9988,3e-04,0.072,0.0115,0.0986,0.0068
"shuttle","LinearDiscriminant",0.8469,0.0442,0.9791,0.0111,1.1992,0.7149,0.4338,0.1562
"shuttle","GlmNet",NA,NA,NA,NA,NA,NA,NA,NA
"shuttle","Cart",0.9947,3e-04,0.9987,1e-04,0.0389,0.0031,0.1961,0.0039
"shuttle","C4.5DecisionTree",0.9996,2e-04,0.9999,1e-04,0.0067,0.0044,0.5423,0.2645
"shuttle","LinearSvm",NA,NA,NA,NA,NA,NA,NA,NA
"shuttle","RegGaussBayes-diag",0.9228,0.0053,0.9944,4e-04,0.2961,0.02,0.0543,9e-04
"shuttle","RegGaussBayes-lowrank",0.9282,0.0249,0.9913,0.0035,0.3671,0.1211,0.1188,0.0135
"shuttle","RegGaussBayes",0.9625,0.0074,0.998,3e-04,0.1507,0.0269,0.0535,0.0012
"shuttle","BoostedRgb-diag",0.989,0.0054,0.9996,1e-04,0.4459,0.073,15.9592,0.1744
"shuttle","BoostedRgb-lowrank",0.9598,0.0076,0.9985,1e-04,0.6822,0.0696,21.786,0.297
"shuttle","BoostedRgb",0.9875,0.0065,0.9997,2e-04,0.4035,0.0432,16.0104,0.1429
"shuttle","BoostedRgb-iso",0.9853,0.0042,0.9868,0.0096,0.2243,0.0519,32.5853,0.3561
"shuttle","NonlinearRbfSvm",NA,NA,NA,NA,NA,NA,NA,NA
"shuttle","ExtraTrees",0.9997,1e-04,1,0,0.0011,5e-04,0.6973,0.0766
"shuttle","Adaboost",NA,NA,NA,NA,NA,NA,NA,NA
"shuttle","GradientBoosting",0.9998,1e-04,1,0,7e-04,5e-04,35.8609,0.306
"shuttle","RandomForest",0.9998,1e-04,1,0,9e-04,2e-04,8.1312,5.1291
"texture","GaussNaiveBayes",0.775,0.01,0.9781,0.0013,3.2204,0.1555,0.048,0.002
"texture","KernelNaiveBayes",0.8016,0.0095,0.9816,0.0013,2.7484,0.1493,0.258,0.0045
"texture","LinearDiscriminant",0.9946,0.0017,1,0,0.0166,0.0068,0.1572,0.0373
"texture","GlmNet",NA,NA,NA,NA,NA,NA,NA,NA
"texture","Cart",0.8102,0.0133,0.9765,0.0022,0.7132,0.0639,0.3518,0.011
"texture","C4.5DecisionTree",0.9281,0.0089,0.9697,0.0044,1.8626,0.263,0.2801,0.0321
"texture","LinearSvm",NA,NA,NA,NA,NA,NA,NA,NA
"texture","RegGaussBayes-diag",0.7741,0.0096,0.978,0.0013,3.2252,0.1556,0.0175,6e-04
"texture","RegGaussBayes-lowrank",0.9602,0.0045,0.9988,3e-04,0.4649,0.0837,0.0591,0.0057
"texture","RegGaussBayes",0.9983,0.0011,1,0,0.0097,0.009,0.0165,5e-04
"texture","BoostedRgb-diag",0.8231,0.0081,0.9777,0.0021,0.6214,0.0402,18.4564,0.3182
"texture","BoostedRgb-lowrank",0.9739,0.005,0.999,6e-04,0.1635,0.0317,21.9618,0.3674
"texture","BoostedRgb",0.9992,8e-04,1,0,0.0063,0.002,13.8867,0.236
"texture","BoostedRgb-iso",0.9989,0.0011,1,0,0.0545,0.0086,19.206,0.3763
"texture","NonlinearRbfSvm",NA,NA,NA,NA,NA,NA,NA,NA
"texture","ExtraTrees",0.9848,0.0032,0.9999,1e-04,0.1366,0.0058,0.1469,0.0187
"texture","Adaboost",NA,NA,NA,NA,NA,NA,NA,NA
"texture","GradientBoosting",0.9782,0.0041,0.9995,3e-04,0.0806,0.0127,17.6259,0.169
"texture","RandomForest",0.977,0.0038,0.9997,1e-04,0.1438,0.0071,1.7533,0.1321
